<?xml version="1.0" encoding="utf-8"?>
<!--_MODULUS=g3yzERd/YO2vKeIT/aXToSOuMrqHSrNCe/sz6BHW2rtUlUSJNam+Rv1o492w46s+SHBEOl34w8oWZ5g7N/4COALRw8Ipf3Ivb43EbS/WMVaqTWwEEiWYUzT7L5Tushfnz1GTQGYn3IcGW0tes1I3KIhz+Obl//A9E3csBgU3aCI=-->
<!--_SIG=+oeYFuXFYNpYyQ4isFF98XwX+wZhhv648AbJKfBnIqXf6Wo0DyJydztotMo3MaiEyC4FHp9Rw8xPHeyCOywLW3V59cvhARCNw0YGQA9S3tRSqy3KL4+r5TQnD3V8fviatPNm74Jkdx3DTyiAOOlr2BFKlANP0ru8pnzmH8XJeTI=-->
<Package Id="PowerPointMUI.en-us" Type="MSI" Path="PowerPointMUI.MSI" Version="1.0" ProductCode="{90150000-0018-0409-0000-0000000FF1CE}" MSIVersion="15.0.4420.1017" ProductLanguage="1033" Platform="x86">
	<Feature Id="PPTNonBootFilesIntl_1033" Cost="24576">
		<OptionRef Id="PPTFiles"/>
	</Feature>
	<Feature Id="ExcelConverter12Intl_1033" Cost="3252960">
		<OptionRef Id="AlwaysInstalled"/>
	</Feature>
	<Feature Id="PPTHelpFilesIntl_1033" Cost="463243">
		<OptionRef Id="PPTHelpFiles"/>
	</Feature>
	<Feature Id="Gimme_OnDemandData" Cost="0">
		<OptionRef Id="Gimme_OnDemandData"/>
	</Feature>
	<Feature Id="OrgChartFilesIntl_1033" Cost="126834">
		<OptionRef Id="OrgChartFiles"/>
	</Feature>
	<Feature Id="SetupXmlFiles" Cost="468">
		<OptionRef Id="AlwaysInstalled"/>
	</Feature>
	<Feature Id="PPTFilesIntl_1033" Cost="1990692">
		<OptionRef Id="PPTFiles"/>
	</Feature>
	<Feature Id="SetupControllerFiles" Cost="468">
		<OptionRef Id="AlwaysInstalled"/>
	</Feature>
	<Feature Id="PPTPresentationTemplatesIntl_1033" Cost="42818232">
		<OptionRef Id="PPTPresentationTemplates"/>
	</Feature>
	<Feature Id="MsoInstalledPackagesScopedIntl_1033" Cost="0">
		<OptionRef Id="AlwaysInstalled"/>
	</Feature>
</Package>
