<?xml version="1.0" encoding="utf-8"?>
<!--_MODULUS=s5C/EE0hMXKE9pMatdIGOaKW1o0sJ1nCUFwbdhx8MYlI+ePasOgPwsalpo4d/I/GxSDGWgKIOi4gxHVaPt421hL//LA3tcVbI6xBLDqZBoKdRiLonTLy+SZfOx0mUEeiCeLQdEAjHOU0hnNRY5qVMMZsr+zTR2HPl8X9X6rqSBk=-->
<!--_SIG=7urASQYB0BcWbg3tYPKu0OzPffWGI9Kk18Tg6yo/7PmE+dDN609jthXVFQgzgz1xNfKUfVLZtvfsqDXRumWD4MxW6BILSOXNoBA2cSOAYjzi0VS8K/B4Q6DEUmK6GZimr0E7IHXFhQhXDinQnKtpXHuAcFLgdvG0EFTzdJoBViE=-->
<Setup Id="Lync.en-us" Type="AddOn" Keyword="LyncMUI" Culture="en-us">
	<Option Id="AlwaysInstalled" DefaultState="Local" DisallowAbsent="yes" DisallowAdvertise="yes" Hidden="yes"/>
	<Option Id="Gimme_OnDemandData" DefaultState="Local" DisallowAbsent="yes" DisallowAdvertise="yes" Hidden="yes"/>
	<Option Id="ProductFiles" DefaultState="Local" DisallowAbsent="yes" DisallowAdvertise="no">
		<Option Id="LyncHelpFiles" DefaultState="Local" DisallowAbsent="yes" DisallowAdvertise="no" Hidden="yes">
			<OptionDependency Lead="LyncCoreFiles"/>
		</Option>
	</Option>
	<PackageRef Path="LyncMUI.xml"/>
	<LocalCache DownloadCode="{90150000-012B-0409-0000-0000000FF1CE}" SkuComponentDirectory="Lync.en-us">
		<File Id="LyncMUI.xml" MD5="8802531C3FC033879918C2A0BDE1DE3A" Size="0" RelativeCachePath="LyncMUI.xml" RelativeSourcePath="LyncMUI.xml"/>
		<File Id="LyncMUI.msi" MD5="F6A9F9E0E4388F6C04713FC737DB7708" Size="1847296" RelativeCachePath="LyncMUI.msi" RelativeSourcePath="LyncMUI.msi"/>
		<File Id="LyncMUI.cab" MD5="F2FA112CA6C282A9D80A7ACDAE19D2B3" Size="2196658" RelativeCachePath="LyncMUI.cab" RelativeSourcePath="LyncMUI.cab"/>
		<File Id="Setup.xml" MD5="" Size="" RelativeCachePath="Setup.xml" RelativeSourcePath="Setup.xml"/>
	</LocalCache>
</Setup>
