<?xml version="1.0" encoding="utf-8"?>
<!--_MODULUS=z5TZNAeKskgrBMdUqlbmhJXL2XLMp3jlEgmKAPnePE1l4mQKaPPC4lLR4UvjwfSy4o48dX73Ijp0ddrH4R9rm0DT30cnsSqHhzZSe2bUbuDj6VKL19fz4S1AfMwtoaOW7BdB/iqR01zJSo0e5lZzXpiJR9+fzQPzsCTs2DEsLRo=-->
<!--_SIG=sJykW+lDxiICpI1IlWj9IwSeHYxhN/ymCsz1XoX3PNsiJnrCKOWGutTT79vv26zzZBwV8AZCw3GUI5FiaVKGURmFwhOXJa//RBJKDiIDrezfkJAmcomnaaeQXfLdm4QiRcxuyQVn4IYzipB/8tVDI7a/vxmP325cIYxaAkHKT5k=-->
<Setup Id="Word.en-us" Type="AddOn" Keyword="WordMUI" Culture="en-us">
	<Option Id="AlwaysInstalled" DefaultState="Local" DisallowAbsent="yes" DisallowAdvertise="yes" Hidden="yes"/>
	<Option Id="Gimme_OnDemandData" DefaultState="Local" DisallowAbsent="yes" DisallowAdvertise="yes" Hidden="yes"/>
	<Option Id="ProductFiles" DefaultState="Local" DisallowAbsent="yes" DisallowAdvertise="no">
		<Option Id="WORDFiles" DefaultState="Local" DisallowAbsent="no" DisallowAdvertise="no">
			<Option Id="WordBibliographyFiles" DefaultState="FollowParent" DisallowAbsent="no" DisallowAdvertise="yes" Hidden="yes"/>
			<Option Id="WORDHelpFiles" DefaultState="FollowParent" DisallowAbsent="yes" DisallowAdvertise="no" Hidden="yes"/>
			<Option Id="WordQuickFormatsFiles" DefaultState="Local" DisallowAbsent="no" DisallowAdvertise="no"/>
			<Option Id="WORDDocumentTemplates" DefaultState="Local" DisallowAbsent="no" DisallowAdvertise="yes" Hidden="yes">
				<OptionDependency Lead="WORDFiles"/>
			</Option>
			<Option Id="WordPdfi" DefaultState="Local" DisallowAbsent="no" DisallowAdvertise="yes" Hidden="yes">
				<OptionDependency Lead="WORDFiles"/>
			</Option>
		</Option>
		<Option Id="WORDSharedFiles" DefaultState="Absent" DisallowAbsent="no" DisallowAdvertise="no" Hidden="yes">
			<OptionDependency Lead="OUTLOOKFiles"/>
			<OptionDependency Lead="WORDFiles"/>
		</Option>
		<Option Id="WhiteRabbitHidden" DefaultState="Absent" DisallowAbsent="no" DisallowAdvertise="yes" Hidden="yes">
			<OptionDependency Lead="WORDFiles"/>
			<OptionDependency Lead="EXCELFiles"/>
			<OptionDependency Lead="OUTLOOKFiles"/>
		</Option>
	</Option>
	<PackageRef Path="WordMUI.xml"/>
	<LocalCache DownloadCode="{90150000-001B-0409-0000-0000000FF1CE}" SkuComponentDirectory="Word.en-us">
		<File Id="WordMUI.xml" MD5="E6475ADC164D2A105EF5A89D6C5971A0" Size="0" RelativeCachePath="WordMUI.xml" RelativeSourcePath="WordMUI.xml"/>
		<File Id="WordMUI.msi" MD5="C7901B5B3939BBE831F8657ED7B6AB83" Size="1867776" RelativeCachePath="WordMUI.msi" RelativeSourcePath="WordMUI.msi"/>
		<File Id="WordLR.cab" MD5="2A568FD43BAF1722CDE77844F5161E9B" Size="9552989" RelativeCachePath="WordLR.cab" RelativeSourcePath="WordLR.cab"/>
		<File Id="Setup.xml" MD5="" Size="" RelativeCachePath="Setup.xml" RelativeSourcePath="Setup.xml"/>
	</LocalCache>
</Setup>
