<?xml version="1.0" encoding="utf-8"?>
<!--_MODULUS=f79k4jIvWDgcguX9aSwUiKF9i/LaPQ3o6zEsnmwJYuJcKTm3jeWnPdghxh6IQUjzYRTfHtWwXx8g3veotBlf0/OhqVz9hndiW8vJNRw3z2/QMyiw0DEL1kj4WR0T0N69CgUIDW+dCE82y1UJ1veVAZ4iN+GESD9/J9DHKnCrmBM=-->
<!--_SIG=i0ewORfOFYCMzWpcPc1kX9LqD/hp2oYiIX92p0JCblqCG6Px5as5HWk4+A/NIzestsul2BM2kTLoQjuv/jOGlaK7jo1q7eaucaYmnga1Vx1E8uom4+KjHIN3st6d5/JEMYyo/6lRuI7Myo4bzKhS+rGjWrPdsM7OxzGaADlhaS8=-->
<Package Id="OfficeMUI.en-us" Type="MSI" Path="OfficeMUI.MSI" Version="1.0" ProductCode="{90150000-006E-0409-0000-0000000FF1CE}" MSIVersion="15.0.4420.1017" ProductLanguage="1033" Platform="x86">
	<Feature Id="ProductNonBootFilesIntl_1033" Cost="6010880">
		<OptionRef Id="ProductFiles"/>
	</Feature>
	<Feature Id="GraphicsFiltersGIFFilesIntl_1033" Cost="189621">
		<OptionRef Id="GraphicsFiltersGIFFiles"/>
	</Feature>
	<Feature Id="UICaptionsCompanionIntl_1033" Cost="19554192">
		<OptionRef Id="ProductFiles"/>
	</Feature>
	<Feature Id="ProductFilesIntl_1033" Cost="5843723">
		<OptionRef Id="ProductFiles"/>
	</Feature>
	<Feature Id="MetricConverterIntl_1033" Cost="11463">
		<OptionRef Id="MetricConverter"/>
	</Feature>
	<Feature Id="GraphicsFiltersWPGFilesIntl_1033" Cost="184310">
		<OptionRef Id="GraphicsFiltersWPGFiles"/>
	</Feature>
	<Feature Id="VBAFilesIntl_1033" Cost="2308344">
		<OptionRef Id="VBAFiles"/>
	</Feature>
	<Feature Id="GraphHelpFilesIntl_1033" Cost="611149">
		<OptionRef Id="GraphHelpFiles"/>
	</Feature>
	<Feature Id="AceFilesIntl_1033" Cost="1103888">
		<OptionRef Id="AceFiles"/>
	</Feature>
	<Feature Id="GraphicsFiltersEPSFilesIntl_1033" Cost="510347">
		<OptionRef Id="GraphicsFiltersEPSFiles"/>
	</Feature>
	<Feature Id="VBAHelpFilesIntl_1033" Cost="3385320">
		<OptionRef Id="VBAHelpFiles"/>
	</Feature>
	<Feature Id="VSTOCLR40Intl_1033" Cost="0">
		<OptionRef Id="VSTOCLR40"/>
	</Feature>
	<Feature Id="MSTagPluginStockFilesIntl_1033" Cost="117408">
		<OptionRef Id="MSTagPluginStockFiles"/>
	</Feature>
	<Feature Id="TCWP5FilesIntl_1033" Cost="381214">
		<OptionRef Id="TCWP5Files"/>
	</Feature>
	<Feature Id="SetLanguageHelpFilesIntl_1033" Cost="142337">
		<OptionRef Id="SetLanguageHelpFiles"/>
	</Feature>
	<Feature Id="SetLanguageFilesIntl_1033" Cost="9888">
		<OptionRef Id="SetLanguageFiles"/>
	</Feature>
	<Feature Id="FirstRunFilesIntl_1033" Cost="14448">
		<OptionRef Id="FirstRunFiles"/>
	</Feature>
	<Feature Id="SetupControllerFiles" Cost="803654">
		<OptionRef Id="AlwaysInstalled"/>
	</Feature>
	<Feature Id="XDOCSEditorFilesIntl_1033" Cost="1256256">
		<OptionRef Id="XDOCSEditorFiles"/>
	</Feature>
	<Feature Id="MSTagPluginDateFilesIntl_1033" Cost="17482">
		<OptionRef Id="MSTagPluginDateFiles"/>
	</Feature>
	<Feature Id="WxpFilesIntl_1033" Cost="226965">
		<OptionRef Id="AlwaysInstalled"/>
	</Feature>
	<Feature Id="AlwaysInstalledIntl_1033" Cost="420132">
		<OptionRef Id="AlwaysInstalled"/>
	</Feature>
	<Feature Id="VisioPreviewerIntl_1033" Cost="421520">
		<OptionRef Id="VisioPreviewerIntl"/>
	</Feature>
	<Feature Id="WebDiscussFilesIntl_1033" Cost="721989">
		<OptionRef Id="WebDiscussFiles"/>
	</Feature>
	<Feature Id="TCWP6FilesIntl_1033" Cost="419454">
		<OptionRef Id="TCWP6Files"/>
	</Feature>
	<Feature Id="ClviewFilesIntl_1033" Cost="102072">
		<OptionRef Id="AlwaysInstalled"/>
	</Feature>
	<Feature Id="MSSOAP3Intl_1033" Cost="40616">
		<OptionRef Id="AlwaysInstalled"/>
	</Feature>
	<Feature Id="MsoInstalledPackagesScopedIntl_1033" Cost="0">
		<OptionRef Id="AlwaysInstalled"/>
	</Feature>
	<Feature Id="GraphicsFiltersPICTFilesIntl_1033" Cost="65688">
		<OptionRef Id="GraphicsFiltersPICTFiles"/>
	</Feature>
	<Feature Id="WISPHiddenIntl_1033" Cost="24576">
		<OptionRef Id="WISPHidden"/>
	</Feature>
	<Feature Id="OfficeDigitalSFilesIntl_1033" Cost="12440">
		<OptionRef Id="OfficeDigitalSFiles"/>
	</Feature>
	<Feature Id="TCRecoverFilesIntl_1033" Cost="32376">
		<OptionRef Id="TCRecoverFiles"/>
	</Feature>
	<Feature Id="MSTagPluginPlacesFiles_1033" Cost="133768">
		<OptionRef Id="MSTagPluginPlacesFiles"/>
	</Feature>
	<Feature Id="Gimme_OnDemandData" Cost="0">
		<OptionRef Id="Gimme_OnDemandData"/>
	</Feature>
	<Feature Id="LISTFilesIntl_1033" Cost="523722">
		<OptionRef Id="LISTFiles"/>
	</Feature>
	<Feature Id="GraphicsFiltersPNGFilesIntl_1033" Cost="220466">
		<OptionRef Id="GraphicsFiltersPNGFiles"/>
	</Feature>
	<Feature Id="TOOLSFilesIntl_1033" Cost="32024">
		<OptionRef Id="TOOLSFiles"/>
	</Feature>
	<Feature Id="LOBiFilesIntl_1033" Cost="0">
		<OptionRef Id="LOBiFilesIntl"/>
	</Feature>
	<Feature Id="OSetupControllerIntl_1033" Cost="204104">
		<OptionRef Id="AlwaysInstalled"/>
	</Feature>
	<Feature Id="QueryFilesIntl_1033" Cost="597762">
		<OptionRef Id="QueryFiles"/>
	</Feature>
	<Feature Id="GraphicsFiltersJPEGFilesIntl_1033" Cost="176821">
		<OptionRef Id="GraphicsFiltersJPEGFiles"/>
	</Feature>
	<Feature Id="EquationEditorFilesIntl_1033" Cost="794490">
		<OptionRef Id="EquationEditorFiles"/>
	</Feature>
	<Feature Id="MSTagPluginNamesFilesIntl_1033" Cost="1844">
		<OptionRef Id="MSTagPluginNamesFiles"/>
	</Feature>
	<Feature Id="SetupXmlFiles" Cost="234">
		<OptionRef Id="AlwaysInstalled"/>
	</Feature>
	<Feature Id="GRAPHFilesIntl_1033" Cost="520280">
		<OptionRef Id="GRAPHFiles"/>
	</Feature>
</Package>
