<?xml version="1.0" encoding="utf-8"?>
<!--_MODULUS=QTjo3W5Hsf5AW+eQ+8vC/T9QFYw+JwvAVB/s0ysEoJhWfUlFDVoFO9aYSQKkti7Gxpj6F/Qy5Nhw7kyx2zZw+AXWtyYDZxwuUdqAR4vgDObf6WFXf7fPyY2tHnHw0bARqiDjcH/zGS9LWjnDBHg/evDAxMG686EkcDT8b4Z+lms=-->
<!--_SIG=XEknTL1xmCRKcWHU8ljkJq/+2H3liiKoj+4+f1f404pZnqgwvl00joOHAZ66pYhZqcya7iW8tpXQh4PSDM7TUOaotT+FCxIPb427HFivvf+H7hT15TwQ9ToKvefbS+yCWJiDPyuWTujR9qxaOSkBZSXBGetEaWozhPEH1PTNrzk=-->
<Package Id="OutlookMUI.en-us" Type="MSI" Path="OutlookMUI.MSI" Version="1.0" ProductCode="{90150000-001A-0409-0000-0000000FF1CE}" MSIVersion="15.0.4420.1017" ProductLanguage="1033" Platform="x86">
	<Feature Id="MsoInstalledPackagesScopedIntl_1033" Cost="0">
		<OptionRef Id="AlwaysInstalled"/>
	</Feature>
	<Feature Id="SetupControllerFiles" Cost="468">
		<OptionRef Id="AlwaysInstalled"/>
	</Feature>
	<Feature Id="OutlookMAPI2Intl_1033" Cost="1378878">
		<OptionRef Id="OutlookMAPI2"/>
	</Feature>
	<Feature Id="OutlookTemplateFilesIntl_1033" Cost="12288">
		<OptionRef Id="OutlookTemplateFiles"/>
	</Feature>
	<Feature Id="OutlookImportExportFilesIntl_1033" Cost="51504">
		<OptionRef Id="OutlookImportExportFiles"/>
	</Feature>
	<Feature Id="OutlookDVCsvWinFilesIntl_1033" Cost="10416">
		<OptionRef Id="OutlookDVCsvWinFiles"/>
	</Feature>
	<Feature Id="WORDSharedFilesIntl_1033" Cost="1522056">
		<OptionRef Id="WORDSharedFiles"/>
	</Feature>
	<Feature Id="WhiteRabbitHiddenIntl_1033" Cost="57344">
		<OptionRef Id="WhiteRabbitHidden"/>
	</Feature>
	<Feature Id="OUTLOOKFilesIntl_1033" Cost="9265038">
		<OptionRef Id="OUTLOOKFiles"/>
	</Feature>
	<Feature Id="OutlookSocialConnectorIntl_1033" Cost="247472">
		<OptionRef Id="OutlookSocialConnector"/>
	</Feature>
	<Feature Id="SetupXmlFiles" Cost="468">
		<OptionRef Id="AlwaysInstalled"/>
	</Feature>
	<Feature Id="OutlookHelpFilesIntl_1033" Cost="677783">
		<OptionRef Id="OutlookHelpFiles"/>
	</Feature>
	<Feature Id="OUTLOOKNonBootFilesIntl_1033" Cost="86930">
		<OptionRef Id="OUTLOOKFiles"/>
	</Feature>
	<Feature Id="OutlookStationeryBasicFilesIntl_1033" Cost="17617">
		<OptionRef Id="OutlookStationeryBasicFiles"/>
	</Feature>
	<Feature Id="OutlookDVExtensionsFilesIntl_1033" Cost="84792">
		<OptionRef Id="OutlookDVExtensionsFiles"/>
	</Feature>
	<Feature Id="OutlookStationeryExtendedIntl_1033" Cost="21821">
		<OptionRef Id="OutlookStationeryExtended"/>
	</Feature>
	<Feature Id="OutlookSearchShellRegIntl_1033" Cost="176352">
		<OptionRef Id="OutlookSearchShellRegIntl"/>
	</Feature>
	<Feature Id="OutlookMessagingIntl_1033" Cost="175538">
		<OptionRef Id="OutlookMessaging"/>
	</Feature>
	<Feature Id="OutlookOmsIntl_1033" Cost="445610">
		<OptionRef Id="OutlookOms"/>
	</Feature>
	<Feature Id="Gimme_OnDemandData" Cost="0">
		<OptionRef Id="Gimme_OnDemandData"/>
	</Feature>
</Package>
