<?xml version="1.0" encoding="utf-8"?>
<!--_MODULUS=SAm3i3L1+fRPhRgYHtqt/kj546pFSzvHSJ499kUqhp28nJyq8q0hWg94ftZO8z6BhqTTA94PLdt9WRCPHFyQbdKF7TBWREej4n/gyrw32QZcVc1fXe/9BRxWsParY7m/Lslp93WHTGZJVKCl/RWd0bGHWjrbV0Wf156X7rZPOkk=-->
<!--_SIG=bxSeoWipTu7pEcu2fWmH5WXCPdG0tlX/LgqlzUcx/hxftY/SXAV5kNmelZWB7AdviDG5t6Q3VpQ0AZjlhEg7AIj7yfCg55EHlo1OBbSrR/xLGBKlIoulua6laDqx9cSgZLjGpmihabK1ktmzPuN+pX/8NDww/LouuQH2WF50s1Y=-->
<Setup Id="OneNote.en-us" Type="AddOn" Keyword="OneNoteMUI" Culture="en-us">
	<Option Id="AlwaysInstalled" DefaultState="Local" DisallowAbsent="yes" DisallowAdvertise="yes" Hidden="yes"/>
	<Option Id="Gimme_OnDemandData" DefaultState="Local" DisallowAbsent="yes" DisallowAdvertise="yes" Hidden="yes"/>
	<Option Id="ProductFiles" DefaultState="Local" DisallowAbsent="yes" DisallowAdvertise="no">
		<Option Id="OneNoteFiles" DefaultState="Local" DisallowAbsent="no" DisallowAdvertise="no">
			<Option Id="OneNoteHelpFiles" DefaultState="FollowParent" DisallowAbsent="yes" DisallowAdvertise="no" Hidden="yes"/>
			<Option Id="OneNoteToAddIns" DefaultState="Local" DisallowAbsent="no" DisallowAdvertise="yes">
				<Option Id="OneNoteToIEAddin" DefaultState="Local" DisallowAbsent="no" DisallowAdvertise="yes"/>
			</Option>
		</Option>
		<Option Id="OneNoteToLinkedNotesIntl" DefaultState="Absent" DisallowAbsent="no" DisallowAdvertise="yes" Hidden="yes">
			<OptionDependency Lead="OneNoteFiles"/>
		</Option>
	</Option>
	<PackageRef Path="OneNoteMUI.xml"/>
	<LocalCache DownloadCode="{90150000-00A1-0409-0000-0000000FF1CE}" SkuComponentDirectory="OneNote.en-us">
		<File Id="OneNoteMUI.xml" MD5="2AD09BD25A5D75E432DF2BCD61BEC129" Size="0" RelativeCachePath="OneNoteMUI.xml" RelativeSourcePath="OneNoteMUI.xml"/>
		<File Id="OneNoteMUI.msi" MD5="29E413E6A94A969F5D3AABE82B03E776" Size="1851392" RelativeCachePath="OneNoteMUI.msi" RelativeSourcePath="OneNoteMUI.msi"/>
		<File Id="OnoteLR.cab" MD5="E667CD98B7C365E34DFA094D0D4C22F5" Size="13310210" RelativeCachePath="OnoteLR.cab" RelativeSourcePath="OnoteLR.cab"/>
		<File Id="Setup.xml" MD5="" Size="" RelativeCachePath="Setup.xml" RelativeSourcePath="Setup.xml"/>
	</LocalCache>
</Setup>
