<?xml version="1.0" encoding="utf-8"?>
<!--_MODULUS=EOMKaInfnI+aoFHDXEz1gPXxFYFZSC0PgGoR1D86FSSoI9CROWDC6ccsIyDlxTnxKPCpHCudm5DxzZZSPbtY6J2oacKx5iD57M2otG923Gyp+lAkQTBZzJw8i+lsV4vTRVPu75RazLh2SpnkXGj3+oNmkvECXde/c694eEbGYH8=-->
<!--_SIG=od3tkEFF/0WKXA5qcdbDiTCaEhqweNge4nH41dZHQ+F0JaMwt7Xm/aq2rsLGVtUzL+c6NZIkUl+lrWCO44cKgRB7+mZQ8TWQoj6MtrMjyKD7Irg/Ghd0e54bx8UM7fqBKphD7UGpepYVCHOFB0OuTPVB4QsoSNC45gPxjwLAHlc=-->
<Package Id="DCFMUI.en-us" Type="MSI" Path="DCFMUI.MSI" Version="1.0" ProductCode="{90150000-0090-0409-0000-0000000FF1CE}" MSIVersion="15.0.4420.1017" ProductLanguage="1033" Platform="x86">
	<Feature Id="Gimme_OnDemandData" Cost="0">
		<OptionRef Id="Gimme_OnDemandData"/>
	</Feature>
	<Feature Id="DCFHelpFilesIntl_1033" Cost="416335">
		<OptionRef Id="Prodiance"/>
	</Feature>
	<Feature Id="SetupXmlFiles" Cost="468">
		<OptionRef Id="AlwaysInstalled"/>
	</Feature>
	<Feature Id="DCFSpreadsheetIQ_1033" Cost="1162720">
		<OptionRef Id="Prodiance"/>
	</Feature>
	<Feature Id="SetupControllerFiles" Cost="468">
		<OptionRef Id="AlwaysInstalled"/>
	</Feature>
	<Feature Id="MsoInstalledPackagesScopedIntl_1033" Cost="0">
		<OptionRef Id="AlwaysInstalled"/>
	</Feature>
</Package>
