<?xml version="1.0" encoding="utf-8"?>
<!--_SIG=CvPfHu2vHTrA+H+4VP3X3UtkieuCTBry8uijSDk7md8kf1ViRRCuUz6krkWGOMZUX/4PmmFPF6Tk84DHC46NZV0bg25FbiaVRUbWNWSOW5ZqQBOutaFzFnRMVsR8m+wEHO51ocqgNOt4l9iTZZiKxDYf7B5fKTTgYfs0YF7uFmo=-->
<Package Id="AccessMUI.en-us" Type="MSI" Path="AccessMUI.MSI" Version="1.0" ProductCode="{90120000-0015-0409-0000-0000000FF1CE}" MSIVersion="12.0.4518.1014" Platform="x86">
	<Feature Id="AccessTemplatesIntl_1033" Cost="9382339">
		<OptionRef Id="AccessTemplatesIntl"/>
	</Feature>
	<Feature Id="ACCESSNonBootFilesIntl_1033" Cost="978541">
		<OptionRef Id="ACCESSFiles"/>
	</Feature>
	<Feature Id="Gimme_OnDemandData" Cost="0">
		<OptionRef Id="Gimme_OnDemandData"/>
	</Feature>
	<Feature Id="AccessHelpFilesIntl_1033" Cost="20487419">
		<OptionRef Id="AccessHelpFiles"/>
	</Feature>
	<Feature Id="CalendarControlIntl_1033" Cost="182897">
		<OptionRef Id="CalendarControl"/>
	</Feature>
	<Feature Id="ACCESSFilesIntl_1033" Cost="1578008">
		<OptionRef Id="ACCESSFiles"/>
	</Feature>
	<Feature Id="MsoInstalledPackagesScopedIntl_1033" Cost="0">
		<OptionRef Id="AlwaysInstalled"/>
	</Feature>
	<Feature Id="SetupControllerFiles" Cost="1344">
		<OptionRef Id="AlwaysInstalled"/>
	</Feature>
	<Feature Id="SetupXmlFiles" Cost="1344">
		<OptionRef Id="AlwaysInstalled"/>
	</Feature>
</Package>
