<?xml version="1.0" encoding="utf-8"?>
<!--_MODULUS=kD7xzEx2R+svILeo69nLAcPg7mSbmq6zfudzMNNY2fAINpsQB4CUAzcgVGUuTrpPhj9xHapBi/KklM7AVZczpgfKT1HeQcd4iA5TBHsXlWQ3oOQz3BMuNjRrTX++B4+buk0LK36rn3Era0XVolAwKQ/qiEBD5jgS8vcB6hkvmAw=-->
<!--_SIG=rDWnHX2NJZyhBfMutEmbP381janCZj71iaPvJheZP/m68ehdjp9jKF+71I2uo94fG64QCkRGE5xxeb3n5jULsCrWP1V4l7eOruhou+WH+GbwXASLe9/Uby+pPl0p6cq+32o8z6uwnnJae7pqtAg0xV84STgxNCLU/wUhIcmuVHA=-->
<Package Id="Proof.en-us" Type="MSI" Path="Proof.MSI" Version="1.0" ProductCode="{90150000-001F-0409-0000-0000000FF1CE}" MSIVersion="15.0.4420.1017" ProductLanguage="1033" Platform="x86">
	<Feature Id="OCR_1033" Cost="311852">
		<OptionRef Id="OCR_1033"/>
	</Feature>
	<Feature Id="FindAllWordFormsFiles_1033" Cost="444027">
		<OptionRef Id="FindAllWordFormsFiles_1033"/>
	</Feature>
	<Feature Id="Gimme_OnDemandData" Cost="0">
		<OptionRef Id="Gimme_OnDemandData"/>
	</Feature>
	<Feature Id="HyphenationFiles_1033" Cost="660648">
		<OptionRef Id="HyphenationFiles_1033"/>
	</Feature>
	<Feature Id="SetupXmlFiles" Cost="234">
		<OptionRef Id="AlwaysInstalled"/>
	</Feature>
	<Feature Id="ThesaurusFiles_1033" Cost="3754640">
		<OptionRef Id="ThesaurusFiles_1033"/>
	</Feature>
	<Feature Id="SetupControllerFiles" Cost="234">
		<OptionRef Id="AlwaysInstalled"/>
	</Feature>
	<Feature Id="SpellingAndGrammarFiles_1033" Cost="16698257">
		<OptionRef Id="SpellingAndGrammarFiles_1033"/>
	</Feature>
	<Feature Id="MsoInstalledPackagesScopedIntl_1033" Cost="0">
		<OptionRef Id="AlwaysInstalled"/>
	</Feature>
</Package>
