<?xml version="1.0" encoding="utf-8"?>
<!--_MODULUS=XJFfTOHcFQ0FXgmTehNnbMOHHzdfZs5JxrRiwXPs/WHfzRGHSiPHZyA9lskhpyi14VYarGMVHRzRpMW6iyH/PikzsjuQ8w3sTnHzzycqkqPmjhgplnA37Int7Ddo7HBqUWUhvdt9eTp2eT1tAiQnKUGvtuW0uRVQK4Pam4KgrGc=-->
<!--_SIG=sPoHRfot+Wh8w9TgBgiGnEQ3C3wTX8Brtt5Iw5m2YS69OAFpB8DIRqg/zI9EBiX1iRtfwVFGU+8o6uVyRAFu+xQqGVjT9LnIUAeQwWN706g1XAARw0lOHdn7XejBjoFSQqbxANtZDrajaojaef7DtQJNV6lqsg9a3slL7NJ6fFA=-->
<Setup Id="Proofing.en-us" Type="AddOn" Keyword="Proofing" Culture="en-us">
	<Option Id="AlwaysInstalled" DefaultState="Local" DisallowAbsent="yes" DisallowAdvertise="yes" Hidden="yes"/>
	<Option Id="Gimme_OnDemandData" DefaultState="Local" DisallowAbsent="yes" DisallowAdvertise="yes" Hidden="yes"/>
	<Option Id="ProductFiles" DefaultState="Local" DisallowAbsent="yes" DisallowAdvertise="no">
		<Option Id="SHAREDFiles" DefaultState="Local" DisallowAbsent="no" DisallowAdvertise="no">
			<Option Id="ProofingTools" DefaultState="Local" DisallowAbsent="no" DisallowAdvertise="no">
				<Option Id="ProofingTools_1033" DefaultState="Local" DisallowAbsent="no" DisallowAdvertise="no">
					<Option Id="FindAllWordFormsFiles_1033" DefaultState="Local" DisallowAbsent="no" DisallowAdvertise="no"/>
					<Option Id="HyphenationFiles_1033" DefaultState="Local" DisallowAbsent="no" DisallowAdvertise="no"/>
					<Option Id="OCR_1033" DefaultState="Absent" DisallowAbsent="no" DisallowAdvertise="no">
						<OptionDependency Lead="DocumentImagingUtils"/>
						<OptionDependency Lead="OneNoteFiles"/>
					</Option>
					<Option Id="SpellingAndGrammarFiles_1033" DefaultState="FollowParent" DisallowAbsent="no" DisallowAdvertise="no">
						<OptionDependency Lead="OUTLOOKFiles"/>
					</Option>
					<Option Id="ThesaurusFiles_1033" DefaultState="Local" DisallowAbsent="no" DisallowAdvertise="no"/>
				</Option>
				<Option Id="ProofingTools_1036" DefaultState="Local" DisallowAbsent="no" DisallowAdvertise="no">
					<Option Id="FindAllWordFormsFiles_1036" DefaultState="Local" DisallowAbsent="no" DisallowAdvertise="no"/>
					<Option Id="HyphenationFiles_1036" DefaultState="Local" DisallowAbsent="no" DisallowAdvertise="no"/>
					<Option Id="OCR_1036" DefaultState="Absent" DisallowAbsent="no" DisallowAdvertise="no">
						<OptionDependency Lead="DocumentImagingUtils"/>
						<OptionDependency Lead="OneNoteFiles"/>
					</Option>
					<Option Id="SpellingAndGrammarFiles_1036" DefaultState="FollowParent" DisallowAbsent="no" DisallowAdvertise="no">
						<OptionDependency Lead="OUTLOOKFiles"/>
					</Option>
					<Option Id="ThesaurusFiles_1036" DefaultState="Local" DisallowAbsent="no" DisallowAdvertise="no"/>
					<Option Id="TranslationFiles_1036" DefaultState="Local" DisallowAbsent="no" DisallowAdvertise="no"/>
				</Option>
				<Option Id="ProofingTools_3082" DefaultState="Local" DisallowAbsent="no" DisallowAdvertise="no">
					<Option Id="FindAllWordFormsFiles_3082" DefaultState="Local" DisallowAbsent="no" DisallowAdvertise="no"/>
					<Option Id="HyphenationFiles_3082" DefaultState="Local" DisallowAbsent="no" DisallowAdvertise="no"/>
					<Option Id="OCR_3082" DefaultState="Absent" DisallowAbsent="no" DisallowAdvertise="no">
						<OptionDependency Lead="DocumentImagingUtils"/>
						<OptionDependency Lead="OneNoteFiles"/>
					</Option>
					<Option Id="SpellingAndGrammarFiles_3082" DefaultState="FollowParent" DisallowAbsent="no" DisallowAdvertise="no">
						<OptionDependency Lead="OUTLOOKFiles"/>
					</Option>
					<Option Id="ThesaurusFiles_3082" DefaultState="Local" DisallowAbsent="no" DisallowAdvertise="no"/>
					<Option Id="TranslationFiles_3082" DefaultState="Local" DisallowAbsent="no" DisallowAdvertise="no"/>
				</Option>
			</Option>
		</Option>
	</Option>
	<PackageRef Path="Proofing.xml"/>
	<PackageRef Path="Proof.en\Proof.xml" InstalledPath="..\Proof.en\Proof.xml"/>
	<PackageRef Path="Proof.fr\Proof.xml" InstalledPath="..\Proof.fr\Proof.xml"/>
	<PackageRef Path="Proof.es\Proof.xml" InstalledPath="..\Proof.es\Proof.xml"/>
	<LocalCache DownloadCode="{90150000-002C-0409-0000-0000000FF1CE}" SkuComponentDirectory="Proofing.en-us">
		<File Id="Proofing.xml" MD5="7BA34E3E6440FA2612376396E770CEC8" Size="0" RelativeCachePath="Proofing.xml" RelativeSourcePath="Proofing.xml"/>
		<File Id="Proofing.msi" MD5="653C56D71A4F007E46A1B9950184EC9C" Size="626688" RelativeCachePath="Proofing.msi" RelativeSourcePath="Proofing.msi"/>
		<File Id="Proof.en\Proof.xml" MD5="8DF353149D79794B03FC79F5914109E4" Size="0" RelativeCachePath="Proof.en\Proof.xml" RelativeSourcePath="Proof.en\Proof.xml"/>
		<File Id="Proof.en\Proof.msi" MD5="F5FEDBD56B039D760DFF060C191DD0A0" Size="1658880" RelativeCachePath="Proof.en\Proof.msi" RelativeSourcePath="Proof.en\Proof.msi"/>
		<File Id="Proof.en\Proof.cab" MD5="281F8D661C4349232CA2F55255E0F723" Size="10879185" RelativeCachePath="Proof.en\Proof.cab" RelativeSourcePath="Proof.en\Proof.cab"/>
		<File Id="Proof.fr\Proof.xml" MD5="2EDA35986DB1B6B88C55715A70AF3A03" Size="0" RelativeCachePath="Proof.fr\Proof.xml" RelativeSourcePath="Proof.fr\Proof.xml"/>
		<File Id="Proof.fr\Proof.msi" MD5="10912B90FEE56C85D8E6D1A250A176B2" Size="1675264" RelativeCachePath="Proof.fr\Proof.msi" RelativeSourcePath="Proof.fr\Proof.msi"/>
		<File Id="Proof.fr\Proof.cab" MD5="5648D79899CF9C3EFF72D351A89D5F6C" Size="13710233" RelativeCachePath="Proof.fr\Proof.cab" RelativeSourcePath="Proof.fr\Proof.cab"/>
		<File Id="Proof.es\Proof.xml" MD5="8DC5006F07B6B5387E7DAC95EAC737E8" Size="0" RelativeCachePath="Proof.es\Proof.xml" RelativeSourcePath="Proof.es\Proof.xml"/>
		<File Id="Proof.es\Proof.msi" MD5="65D54DBD62C92A3C92A9185A84E652AE" Size="1671168" RelativeCachePath="Proof.es\Proof.msi" RelativeSourcePath="Proof.es\Proof.msi"/>
		<File Id="Proof.es\Proof.cab" MD5="35628E7A31D80B71610A019FEB3EB3D8" Size="12724207" RelativeCachePath="Proof.es\Proof.cab" RelativeSourcePath="Proof.es\Proof.cab"/>
		<File Id="Setup.xml" MD5="" Size="" RelativeCachePath="Setup.xml" RelativeSourcePath="Setup.xml"/>
	</LocalCache>
</Setup>
